question,response,date_time,model_name
测试,测试先帝创业未半而中道崩殂，今天下三分，益州疲弊，此诚危急存亡之秋也。然侍卫之臣不懈于内，忠志之士忘身于外者，盖追先帝之殊遇，欲报之于陛下也。诚宜开张圣听，以光先帝遗德，恢弘志士之气，不宜妄自菲薄，引喻失义，以塞忠谏之路也。宫中府中，俱为一体，陟罚臧否，不宜异同。若有作奸犯科及为忠善者，宜付有司论其刑赏，以昭陛下平明之理，不宜偏私，使内外异法也。侍中、侍郎郭攸之、费祎、董允等，此皆良实，志虑忠纯，是以先帝简拔以遗陛下。愚以为宫中之事，事无大小，悉以咨之，然后施行，必能裨补阙漏，有所广益。将军向宠，性行淑均，晓畅军事，试用于昔日，先帝称之曰能，是以众议举宠为督。愚以为营中之事，悉以咨之，必能使行阵和睦，优劣得所。亲贤臣，远小人，此先汉所以兴隆也；亲小人，远贤臣，此后汉所以倾颓也。先帝在时，每与臣论此事，未尝不叹息痛恨于桓、灵也。侍中、尚书、长史、参军，此悉贞良死节之臣，愿陛下亲之信之，则汉室之隆，可计日而待也。臣本布衣，躬耕于南阳，苟全性命于乱世，不求闻达于诸侯。先帝不以臣卑鄙，猥自枉屈，三顾臣于草庐之中，咨臣以当世之事，由是感激，遂许先帝以驱驰。后值倾覆，受任于败军之际，奉命于危难之间，尔来二十有一年矣。先帝知臣谨慎，故临崩寄臣以大事也。受命以来，夙夜忧叹，恐托付不效，以伤先帝之明，故五月渡泸，深入不毛。今南方已定，兵甲已足，当奖率三军，北定中原，庶竭驽钝，攘除奸凶，兴复汉室，还于旧都。此臣所以报先帝而忠陛下之职分也。至于斟酌损益，进尽忠言，则攸之、祎、允之任也。愿陛下托臣以讨贼兴复之效，不效，则治臣之罪，以告先帝之灵。若无兴德之言，则责攸之、祎、允等之慢，以彰其咎；陛下亦宜自谋，以咨诹善道，察纳雅言，深追先帝遗诏，臣不胜受恩感激。今当远离，临表涕零，不知所言。,2023-12-19 16:17:58,qianfan
测定,测试先帝创业未半而中道崩殂，今天下三分，益州疲弊，此诚危急存亡之秋也。然侍卫之臣不懈于内，忠志之士忘身于外者，盖追先帝之殊遇，欲报之于陛下也。诚宜开张圣听，以光先帝遗德，恢弘志士之气，不宜妄自菲薄，引喻失义，以塞忠谏之路也。宫中府中，俱为一体，陟罚臧否，不宜异同。若有作奸犯科及为忠善者，宜付有司论其刑赏，以昭陛下平明之理，不宜偏私，使内外异法也。侍中、侍郎郭攸之、费祎、董允等，此皆良实，志虑忠纯，是以先帝简拔以遗陛下。愚以为宫中之事，事无大小，悉以咨之，然后施行，必能裨补阙漏，有所广益。将军向宠，性行淑均，晓畅军事，试用于昔日，先帝称之曰能，是以众议举宠为督。愚以为营中之事，悉以咨之，必能使行阵和睦，优劣得所。亲贤臣，远小人，此先汉所以兴隆也；亲小人，远贤臣，此后汉所以倾颓也。先帝在时，每与臣论此事，未尝不叹息痛恨于桓、灵也。侍中、尚书、长史、参军，此悉贞良死节之臣，愿陛下亲之信之，则汉室之隆，可计日而待也。臣本布衣，躬耕于南阳，苟全性命于乱世，不求闻达于诸侯。先帝不以臣卑鄙，猥自枉屈，三顾臣于草庐之中，咨臣以当世之事，由是感激，遂许先帝以驱驰。后值倾覆，受任于败军之际，奉命于危难之间，尔来二十有一年矣。先帝知臣谨慎，故临崩寄臣以大事也。受命以来，夙夜忧叹，恐托付不效，以伤先帝之明，故五月渡泸，深入不毛。今南方已定，兵甲已足，当奖率三军，北定中原，庶竭驽钝，攘除奸凶，兴复汉室，还于旧都。此臣所以报先帝而忠陛下之职分也。至于斟酌损益，进尽忠言，则攸之、祎、允之任也。愿陛下托臣以讨贼兴复之效，不效，则治臣之罪，以告先帝之灵。若无兴德之言，则责攸之、祎、允等之慢，以彰其咎；陛下亦宜自谋，以咨诹善道，察纳雅言，深追先帝遗诏，臣不胜受恩感激。今当远离，临表涕零，不知所言。,2023-12-19 16:30:39,qianfan
111,测试先帝创业未半而中道崩殂，今天下三分，益州疲弊，此诚危急存亡之秋也。然侍卫之臣不懈于内，忠志之士忘身于外者，盖追先帝之殊遇，欲报之于陛下也。诚宜开张圣听，以光先帝遗德，恢弘志士之气，不宜妄自菲薄，引喻失义，以塞忠谏之路也。宫中府中，俱为一体，陟罚臧否，不宜异同。若有作奸犯科及为忠善者，宜付有司论其刑赏，以昭陛下平明之理，不宜偏私，使内外异法也。侍中、侍郎郭攸之、费祎、董允等，此皆良实，志虑忠纯，是以先帝简拔以遗陛下。愚以为宫中之事，事无大小，悉以咨之，然后施行，必能裨补阙漏，有所广益。将军向宠，性行淑均，晓畅军事，试用于昔日，先帝称之曰能，是以众议举宠为督。愚以为营中之事，悉以咨之，必能使行阵和睦，优劣得所。亲贤臣，远小人，此先汉所以兴隆也；亲小人，远贤臣，此后汉所以倾颓也。先帝在时，每与臣论此事，未尝不叹息痛恨于桓、灵也。侍中、尚书、长史、参军，此悉贞良死节之臣，愿陛下亲之信之，则汉室之隆，可计日而待也。臣本布衣，躬耕于南阳，苟全性命于乱世，不求闻达于诸侯。先帝不以臣卑鄙，猥自枉屈，三顾臣于草庐之中，咨臣以当世之事，由是感激，遂许先帝以驱驰。后值倾覆，受任于败军之际，奉命于危难之间，尔来二十有一年矣。先帝知臣谨慎，故临崩寄臣以大事也。受命以来，夙夜忧叹，恐托付不效，以伤先帝之明，故五月渡泸，深入不毛。今南方已定，兵甲已足，当奖率三军，北定中原，庶竭驽钝，攘除奸凶，兴复汉室，还于旧都。此臣所以报先帝而忠陛下之职分也。至于斟酌损益，进尽忠言，则攸之、祎、允之任也。愿陛下托臣以讨贼兴复之效，不效，则治臣之罪，以告先帝之灵。若无兴德之言，则责攸之、祎、允等之慢，以彰其咎；陛下亦宜自谋，以咨诹善道，察纳雅言，深追先帝遗诏，臣不胜受恩感激。今当远离，临表涕零，不知所言。,2023-12-19 16:47:04,qianfan
1,测试先帝创业未半而中道崩殂，今天下三分，益州疲弊，此诚危急存亡之秋也。然侍卫之臣不懈于内，忠志之士忘身于外者，盖追先帝之殊遇，欲报之于陛下也。诚宜开张圣听，以光先帝遗德，恢弘志士之气，不宜妄自菲薄，引喻失义，以塞忠谏之路也。宫中府中，俱为一体，陟罚臧否，不宜异同。若有作奸犯科及为忠善者，宜付有司论其刑赏，以昭陛下平明之理，不宜偏私，使内外异法也。侍中、侍郎郭攸之、费祎、董允等，此皆良实，志虑忠纯，是以先帝简拔以遗陛下。愚以为宫中之事，事无大小，悉以咨之，然后施行，必能裨补阙漏，有所广益。将军向宠，性行淑均，晓畅军事，试用于昔日，先帝称之曰能，是以众议举宠为督。愚以为营中之事，悉以咨之，必能使行阵和睦，优劣得所。亲贤臣，远小人，此先汉所以兴隆也；亲小人，远贤臣，此后汉所以倾颓也。先帝在时，每与臣论此事，未尝不叹息痛恨于桓、灵也。侍中、尚书、长史、参军，此悉贞良死节之臣，愿陛下亲之信之，则汉室之隆，可计日而待也。臣本布衣，躬耕于南阳，苟全性命于乱世，不求闻达于诸侯。先帝不以臣卑鄙，猥自枉屈，三顾臣于草庐之中，咨臣以当世之事，由是感激，遂许先帝以驱驰。后值倾覆，受任于败军之际，奉命于危难之间，尔来二十有一年矣。先帝知臣谨慎，故临崩寄臣以大事也。受命以来，夙夜忧叹，恐托付不效，以伤先帝之明，故五月渡泸，深入不毛。今南方已定，兵甲已足，当奖率三军，北定中原，庶竭驽钝，攘除奸凶，兴复汉室，还于旧都。此臣所以报先帝而忠陛下之职分也。至于斟酌损益，进尽忠言，则攸之、祎、允之任也。愿陛下托臣以讨贼兴复之效，不效，则治臣之罪，以告先帝之灵。若无兴德之言，则责攸之、祎、允等之慢，以彰其咎；陛下亦宜自谋，以咨诹善道，察纳雅言，深追先帝遗诏，臣不胜受恩感激。今当远离，临表涕零，不知所言。,2023-12-19 16:49:50,qianfan
11111,测试先帝创业未半而中道崩殂，今天下三分，益州疲弊，此诚危急存亡之秋也。然侍卫之臣不懈于内，忠志之士忘身于外者，盖追先帝之殊遇，欲报之于陛下也。诚宜开张圣听，以光先帝遗德，恢弘志士之气，不宜妄自菲薄，引喻失义，以塞忠谏之路也。宫中府中，俱为一体，陟罚臧否，不宜异同。若有作奸犯科及为忠善者，宜付有司论其刑赏，以昭陛下平明之理，不宜偏私，使内外异法也。侍中、侍郎郭攸之、费祎、董允等，此皆良实，志虑忠纯，是以先帝简拔以遗陛下。愚以为宫中之事，事无大小，悉以咨之，然后施行，必能裨补阙漏，有所广益。将军向宠，性行淑均，晓畅军事，试用于昔日，先帝称之曰能，是以众议举宠为督。愚以为营中之事，悉以咨之，必能使行阵和睦，优劣得所。亲贤臣，远小人，此先汉所以兴隆也；亲小人，远贤臣，此后汉所以倾颓也。先帝在时，每与臣论此事，未尝不叹息痛恨于桓、灵也。侍中、尚书、长史、参军，此悉贞良死节之臣，愿陛下亲之信之，则汉室之隆，可计日而待也。臣本布衣，躬耕于南阳，苟全性命于乱世，不求闻达于诸侯。先帝不以臣卑鄙，猥自枉屈，三顾臣于草庐之中，咨臣以当世之事，由是感激，遂许先帝以驱驰。后值倾覆，受任于败军之际，奉命于危难之间，尔来二十有一年矣。先帝知臣谨慎，故临崩寄臣以大事也。受命以来，夙夜忧叹，恐托付不效，以伤先帝之明，故五月渡泸，深入不毛。今南方已定，兵甲已足，当奖率三军，北定中原，庶竭驽钝，攘除奸凶，兴复汉室，还于旧都。此臣所以报先帝而忠陛下之职分也。至于斟酌损益，进尽忠言，则攸之、祎、允之任也。愿陛下托臣以讨贼兴复之效，不效，则治臣之罪，以告先帝之灵。若无兴德之言，则责攸之、祎、允等之慢，以彰其咎；陛下亦宜自谋，以咨诹善道，察纳雅言，深追先帝遗诏，臣不胜受恩感激。今当远离，临表涕零，不知所言。,2023-12-19 16:52:02,qianfan
1,222,2023-12-19 16:53:58,qianfan
"{'': {'interactive': True, '__type__': 'update'}}",222,2023-12-19 16:54:11,qianfan
1,222,2023-12-19 16:54:16,qianfan
1,试先帝创业未半而中道崩殂，今天下三分，益州疲弊，此诚危急存亡之秋也。然侍卫之臣不懈于内，忠志之士忘身于外者，盖追先帝之殊遇，欲报之于陛下也。诚宜开张圣听,2023-12-19 16:56:09,qianfan
1111,试先帝创业未半而中道崩殂，今天下三分，益州疲弊，此诚危急存亡之秋也。然侍卫之臣不懈于内，忠志之士忘身于外者，盖追先帝之殊遇，欲报之于陛下也。诚宜开张圣听,2023-12-19 17:02:46,qianfan
1,试先帝创业未半而中道崩殂，今天下三分，益州疲弊，此诚危急存亡之秋也。然侍卫之臣不懈于内，忠志之士忘身于外者，盖追先帝之殊遇，欲报之于陛下也。诚宜开张圣听,2023-12-19 17:17:21,qianfan
11,试先帝创业未半而中道崩殂，今天下三分，益州疲弊，此诚危急存亡之秋也。然侍卫之臣不懈于内，忠志之士忘身于外者，盖追先帝之殊遇，欲报之于陛下也。诚宜开张圣听,2023-12-19 17:17:57,qianfan
ee,试先帝创业未半而中道崩殂，今天下三分，益州疲弊，此诚危急存亡之秋也。然侍卫之臣不懈于内，忠志之士忘身于外者，盖追先帝之殊遇，欲报之于陛下也。诚宜开张圣听,2023-12-19 17:18:20,qianfan
11,试先帝创业未半而中道崩殂，今天下三分，益州疲弊，此诚危急存亡之秋也。然侍卫之臣不懈于内，忠志之士忘身于外者，盖追先帝之殊遇，欲报之于陛下也。诚宜开张圣听,2023-12-19 18:03:30,qianfan
111,试先帝创业未半而中道崩殂，今天下三分，益州疲弊，此诚危急存亡之秋也。然侍卫之臣不懈于内，忠志之士忘身于外者，盖追先帝之殊遇，欲报之于陛下也。诚宜开张圣听,2023-12-19 19:05:39,qianfan
"{'111': {'interactive': False, '__type__': 'update'}}",试先帝创业未半而中道崩殂，今天下三分，益州疲弊，此诚危急存亡之秋也。然侍卫之臣不懈于内，忠志之士忘身于外者，盖追先帝之殊遇，欲报之于陛下也。诚宜开张圣听,2023-12-19 19:05:56,qianfan
000,试先帝创业未半而中道崩殂，今天下三分，益州疲弊，此诚危急存亡之秋也。然侍卫之臣不懈于内，忠志之士忘身于外者，盖追先帝之殊遇，欲报之于陛下也。诚宜开张圣听,2023-12-19 19:33:53,qianfan
99,试先帝创业未半而中道崩殂，今天下三分，益州疲弊，此诚危急存亡之秋也。然侍卫之臣不懈于内，忠志之士忘身于外者，盖追先帝之殊遇，欲报之于陛下也。诚宜开张圣听,2023-12-19 19:34:02,qianfan
1,试先帝创业未半而中道崩殂，今天下三分，益州疲弊，此诚危急存亡之秋也。然侍卫之臣不懈于内，忠志之士忘身于外者，盖追先帝之殊遇，欲报之于陛下也。诚宜开张圣听,2023-12-19 20:23:48,qianfan
1,试先帝创业未半而中道崩殂，今天下三分，益州疲弊，此诚危急存亡之秋也。然侍卫之臣不懈于内，忠志之士忘身于外者，盖追先帝之殊遇，欲报之于陛下也。诚宜开张圣听,2023-12-19 20:29:12,qianfan
111,试先帝创业未半而中道崩殂，今天下三分，益州疲弊，此诚危急存亡之秋也。然侍卫之臣不懈于内，忠志之士忘身于外者，盖追先帝之殊遇，欲报之于陛下也。诚宜开张圣听,2023-12-19 20:30:38,qianfan
1,试先帝创业未半而中道崩殂，今天下三分，益州疲弊，此诚危急存亡之秋也。然侍卫之臣不懈于内，忠志之士忘身于外者，盖追先帝之殊遇，欲报之于陛下也。诚宜开张圣听,2023-12-19 20:32:26,qianfan
1,试先帝创业未半而中道崩殂，今天下三分，益州疲弊，此诚危急存亡之秋也。然侍卫之臣不懈于内，忠志之士忘身于外者，盖追先帝之殊遇，欲报之于陛下也。诚宜开张圣听,2023-12-19 20:36:05,qianfan
1,试先帝创业未半而中道崩殂，今天下三分，益州疲弊，此诚危急存亡之秋也。然侍卫之臣不懈于内，忠志之士忘身于外者，盖追先帝之殊遇，欲报之于陛下也。诚宜开张圣听,2023-12-19 20:38:49,qianfan
1,试先帝创业未半而中道崩殂，今天下三分，益州疲弊，此诚危急存亡之秋也。然侍卫之臣不懈于内，忠志之士忘身于外者，盖追先帝之殊遇，欲报之于陛下也。诚宜开张圣听,2023-12-19 20:39:57,qianfan
你好,你好，有什么可以帮助你的吗？,2023-12-19 21:09:40,EduChat
请问如何构建一元二次方程,"构建一元二次方程的通用公式为：ax2 + bx + c = 0，其中a、b、c为已知系数，x为未知数。

具体构建步骤如下：

1. 确定方程的类型：一元二次方程可以分为标准形式和一般形式。标准形式为ax2 + bx + c = 0，一般形式为ax2 + bx + c = d，其中d为任意实数。

2. 确定已知系数：已知系数包括a、b、c、d。

3. 确定未知数：未知数为x。

4. 将已知系数代入方程中，得到一个关于x的二次方程。

5. 解方程，得到未知数的值。

例如，如果已知一元二次方程的一般形式为ax2 + bx + c = d，且a、b、c、d均为已知实数，那么可以通过以下步骤构建方程：

1. 确定方程类型：此方程为一般形式。

2. 确定已知系数：a、b、c、d均为已知实数。

3. 确定未知数：未知数为x。

4. 将已知系数代入方程中，得到一个关于x的二次方程：ax2 + bx + c = d。

5. 解方程，得到未知数的值。

需要注意的是，构建一元二次方程时需要满足方程的系数满足一定的条件，例如a≠0。",2023-12-19 21:10:55,EduChat
我最近很焦虑怎么办,"焦虑是一种常见的情绪，但它可能会影响你的日常生活。以下是一些应对焦虑的方法：

1. 深呼吸：尝试通过深呼吸来放松身体和头脑。慢慢地吸气，数到四，然后缓慢地呼气，数到八。

2. 找到放松的方法：找到一些适合你的放松方法，例如冥想、瑜伽或按摩。

3. 与他人交流：与朋友或家人谈论你的感受，或者寻求专业帮助。

4. 做运动：运动可以帮助你释放紧张和焦虑，同时提高身体健康。

5. 避免过度使用社交媒体：社交媒体可能会让你感到更加焦虑，因此尽量减少使用。

6. 睡眠充足：保持良好的睡眠习惯可以帮助你缓解焦虑。

7. 改变思维方式：尝试改变你的思维方式，例如寻找积极的方面，或者将焦虑视为一种挑战。

如果你感到焦虑的程度比较严重，或者持续时间较长，建议寻求专业帮助。",2023-12-19 21:16:04,EduChat
如何构建一元二次方程,"首先，我们需要知道一元二次方程的一般形式，即ax^2 + bx + c = 0，其中a、b、c是已知常数，x是未知数。

那么，如何构建一元二次方程呢？我们可以根据题目中给出的条件来确定a、b、c的值，然后代入方程式中，求解出x的值。

例如，如果题目中给出了方程ax^2 + bx + c = 0，且已知a、b、c的值，那么我们可以将这些值代入方程式中，得到一个一元二次方程。

接下来，我们可以使用求根公式或配方法来求解出x的值。",2023-12-19 21:17:19,EduChat
1+1,<Response [200]>,2023-12-19 21:18:02,qianfan
2+2,"
 4",2023-12-19 21:18:16,ChatGLM3
2+2,2+2=4,2023-12-19 21:19:29,qwen-max
1+1,"
 2",2023-12-19 21:19:47,ChatGLM3
今天周几,"
 抱歉，作为一个人工智能助手，我无法实时获取当前日期。请查看您的设备上的日期功能以获取准确的信息。",2023-12-19 21:22:26,ChatGLM3
今天周几,"
 抱歉，作为一个人工智能助手，我无法实时获取当前日期。请查看您的设备上的日期功能以获取准确的信息。",2023-12-19 21:24:02,ChatGLM3
今天周几,"
 抱歉，作为一个人工智能助手，我无法实时获取当前日期。请查看您的设备上的日期功能以获取准确的信息。",2023-12-19 21:27:58,ChatGLM3
你好,有什么问题我可以帮您解答吗,2023-12-19 21:31:23,EduChat
如何教导一个差学生,你是指哪方面的差学生？是数学、语文、还是其他学科？,2023-12-19 21:31:35,EduChat
数学吧,那我们假设这个学生在数学上表现不佳，我们该如何开始教学呢？,2023-12-19 21:31:49,EduChat
如何教学数学呢,数学是一门需要逻辑思维和实践操作的学科，我们可以从基础开始，一步一步地进行教学。,2023-12-19 21:32:05,EduChat
1+1,1+1=2,2023-12-19 21:32:16,qwen-max
2+2,<Response [200]>,2023-12-19 21:32:25,qianfan
1+2,"
 3",2023-12-19 21:33:17,ChatGLM3
1+1,"
 The result of 1+1 is 2.",2023-12-19 21:34:23,ChatGLM3
最近很焦虑怎办,听起来你正面临一些让你感到焦虑的事情。焦虑是一种很常见的情绪，但它对我们的生活和健康有负面影响。我很高兴你选择向我倾诉。我们可以一起来探索一些应对焦虑的方法。首先，我想了解一下你感到焦虑的具体原因是什么？,2023-12-19 21:38:48,EduChat
比如我经常不开心,嗨！听起来你正在经历一些情绪上的挑战。你能告诉我更多关于你感到不开心的情况吗？有什么具体的事情或情境让你感到不开心呢？,2023-12-19 21:39:11,EduChat
我最近感觉学习压力有点大,我明白学习压力可能会让你感到不开心。可以告诉我一些具体的学习方面让你感到压力大吗？比如，你最近在学习上遇到了哪些挑战？,2023-12-19 21:39:31,EduChat
我感觉数学课太难了，老师讲的不太懂,数学课确实可能会对一些人来说比较具有挑战性。我可以理解你对于数学课感到困惑和压力。在面对这种困难时，你有没有尝试过寻求帮助或者寻找一些额外的学习资源来提高自己的数学能力呢？,2023-12-19 21:39:57,EduChat
1+1,"
 The result of 1+1 is 2.",2023-12-19 21:40:55,ChatGLM3
1+1,"
 The result of 1+1 is 2.",2023-12-19 21:42:08,ChatGLM3
1+1,"
 The result of 1+1 is 2.",2023-12-19 21:42:41,ChatGLM3
4+4,4+4=8.,2023-12-19 21:44:19,EduChat
2+2,2+2等于4。,2023-12-19 21:44:53,EduChat
1+1,The result of 1+1 is 2.,2023-12-19 22:01:46,ChatGLM3
11,试先帝创业未半而中道崩殂，今天下三分，益州疲弊，此诚危急存亡之秋也。然侍卫之臣不懈于内，忠志之士忘身于外者，盖追先帝之殊遇，欲报之于陛下也。诚宜开张圣听,2023-12-20 10:00:25,qianfan
212,试先帝创业未半而中道崩殂，今天下三分，益州疲弊，此诚危急存亡之秋也。然侍卫之臣不懈于内，忠志之士忘身于外者，盖追先帝之殊遇，欲报之于陛下也。诚宜开张圣听,2023-12-20 10:01:30,qianfan
我去饿我去恶趣味,试先帝创业未半而中道崩殂，今天下三分，益州疲弊，此诚危急存亡之秋也。然侍卫之臣不懈于内，忠志之士忘身于外者，盖追先帝之殊遇，欲报之于陛下也。诚宜开张圣听,2023-12-20 13:14:09,qianfan
你好,试先帝创业未半而中道崩殂，今天下三分，益州疲弊，此诚危急存亡之秋也。然侍卫之臣不懈于内，忠志之士忘身于外者，盖追先帝之殊遇，欲报之于陛下也。诚宜开张圣听,2023-12-20 13:16:22,qianfan
1111,试先帝创业未半而中道崩殂，今天下三分，益州疲弊，此诚危急存亡之秋也。然侍卫之臣不懈于内，忠志之士忘身于外者，盖追先帝之殊遇，欲报之于陛下也。诚宜开张圣听,2023-12-20 13:27:27,qianfan
111,试先帝创业未半而中道崩殂，今天下三分，益州疲弊，此诚危急存亡之秋也。然侍卫之臣不懈于内，忠志之士忘身于外者，盖追先帝之殊遇，欲报之于陛下也。诚宜开张圣听,2023-12-20 14:01:13,qianfan
111,试先帝创业未半而中道崩殂，今天下三分，益州疲弊，此诚危急存亡之秋也。然侍卫之臣不懈于内，忠志之士忘身于外者，盖追先帝之殊遇，欲报之于陛下也。诚宜开张圣听,2023-12-20 14:51:53,qianfan
11,试先帝创业未半而中道崩殂，今天下三分，益州疲弊，此诚危急存亡之秋也。然侍卫之臣不懈于内，忠志之士忘身于外者，盖追先帝之殊遇，欲报之于陛下也。诚宜开张圣听,2023-12-20 16:19:01,qianfan
111,试先帝创业未半而中道崩殂，今天下三分，益州疲弊，此诚危急存亡之秋也。然侍卫之臣不懈于内，忠志之士忘身于外者，盖追先帝之殊遇，欲报之于陛下也。诚宜开张圣听,2023-12-20 17:17:28,qianfan
1,试先帝创业未半而中道崩殂，今天下三分，益州疲弊，此诚危急存亡之秋也。然侍卫之臣不懈于内，忠志之士忘身于外者，盖追先帝之殊遇，欲报之于陛下也。诚宜开张圣听,2023-12-20 17:17:50,qianfan
1,试先帝创业未半而中道崩殂，今天下三分，益州疲弊，此诚危急存亡之秋也。然侍卫之臣不懈于内，忠志之士忘身于外者，盖追先帝之殊遇，欲报之于陛下也。诚宜开张圣听,2023-12-20 17:22:16,qianfan
1,试先帝创业未半而中道崩殂，今天下三分，益州疲弊，此诚危急存亡之秋也。然侍卫之臣不懈于内，忠志之士忘身于外者，盖追先帝之殊遇，欲报之于陛下也。诚宜开张圣听,2023-12-20 19:41:05,qianfan
1,试先帝创业未半而中道崩殂，今天下三分，益州疲弊，此诚危急存亡之秋也。然侍卫之臣不懈于内，忠志之士忘身于外者，盖追先帝之殊遇，欲报之于陛下也。诚宜开张圣听,2023-12-20 19:42:57,qianfan
9090,试先帝创业未半而中道崩殂，今天下三分，益州疲弊，此诚危急存亡之秋也。然侍卫之臣不懈于内，忠志之士忘身于外者，盖追先帝之殊遇，欲报之于陛下也。诚宜开张圣听,2023-12-20 19:45:02,qianfan
1,试先帝创业未半而中道崩殂，今天下三分，益州疲弊，此诚危急存亡之秋也。然侍卫之臣不懈于内，忠志之士忘身于外者，盖追先帝之殊遇，欲报之于陛下也。诚宜开张圣听,2023-12-20 20:42:58,qianfan
0,试先帝创业未半而中道崩殂，今天下三分，益州疲弊，此诚危急存亡之秋也。然侍卫之臣不懈于内，忠志之士忘身于外者，盖追先帝之殊遇，欲报之于陛下也。诚宜开张圣听,2023-12-20 21:25:04,qianfan
9,试先帝创业未半而中道崩殂，今天下三分，益州疲弊，此诚危急存亡之秋也。然侍卫之臣不懈于内，忠志之士忘身于外者，盖追先帝之殊遇，欲报之于陛下也。诚宜开张圣听,2023-12-20 21:25:12,qianfan
00,试先帝创业未半而中道崩殂，今天下三分，益州疲弊，此诚危急存亡之秋也。然侍卫之臣不懈于内，忠志之士忘身于外者，盖追先帝之殊遇，欲报之于陛下也。诚宜开张圣听,2023-12-20 21:25:22,qianfan
1,试先帝创业未半而中道崩殂，今天下三分，益州疲弊，此诚危急存亡之秋也。然侍卫之臣不懈于内，忠志之士忘身于外者，盖追先帝之殊遇，欲报之于陛下也。诚宜开张圣听,2023-12-20 21:48:26,qianfan
2,试先帝创业未半而中道崩殂，今天下三分，益州疲弊，此诚危急存亡之秋也。然侍卫之臣不懈于内，忠志之士忘身于外者，盖追先帝之殊遇，欲报之于陛下也。诚宜开张圣听,2023-12-20 21:48:46,qianfan
1,试先帝创业未半而中道崩殂，今天下三分，益州疲弊，此诚危急存亡之秋也。然侍卫之臣不懈于内，忠志之士忘身于外者，盖追先帝之殊遇，欲报之于陛下也。诚宜开张圣听,2023-12-21 08:38:40,qianfan
1,试先帝创业未半而中道崩殂，今天下三分，益州疲弊，此诚危急存亡之秋也。然侍卫之臣不懈于内，忠志之士忘身于外者，盖追先帝之殊遇，欲报之于陛下也。诚宜开张圣听,2023-12-21 08:48:22,qianfan
2,试先帝创业未半而中道崩殂，今天下三分，益州疲弊，此诚危急存亡之秋也。然侍卫之臣不懈于内，忠志之士忘身于外者，盖追先帝之殊遇，欲报之于陛下也。诚宜开张圣听,2023-12-21 08:48:31,qianfan
1,试先帝创业未半而中道崩殂，今天下三分，益州疲弊，此诚危急存亡之秋也。然侍卫之臣不懈于内，忠志之士忘身于外者，盖追先帝之殊遇，欲报之于陛下也。诚宜开张圣听,2023-12-21 08:52:25,qianfan
11,试先帝创业未半而中道崩殂，今天下三分，益州疲弊，此诚危急存亡之秋也。然侍卫之臣不懈于内，忠志之士忘身于外者，盖追先帝之殊遇，欲报之于陛下也。诚宜开张圣听,2023-12-21 08:53:51,qianfan
,试先帝创业未半而中道崩殂，今天下三分，益州疲弊，此诚危急存亡之秋也。然侍卫之臣不懈于内，忠志之士忘身于外者，盖追先帝之殊遇，欲报之于陛下也。诚宜开张圣听,2023-12-21 08:55:24,qianfan
,试先帝创业未半而中道崩殂，今天下三分，益州疲弊，此诚危急存亡之秋也。然侍卫之臣不懈于内，忠志之士忘身于外者，盖追先帝之殊遇，欲报之于陛下也。诚宜开张圣听,2023-12-21 08:58:47,qianfan
11,试先帝创业未半而中道崩殂，今天下三分，益州疲弊，此诚危急存亡之秋也。然侍卫之臣不懈于内，忠志之士忘身于外者，盖追先帝之殊遇，欲报之于陛下也。诚宜开张圣听,2023-12-21 09:01:46,qianfan
1,试先帝创业未半而中道崩殂，今天下三分，益州疲弊，此诚危急存亡之秋也。然侍卫之臣不懈于内，忠志之士忘身于外者，盖追先帝之殊遇，欲报之于陛下也。诚宜开张圣听,2023-12-21 09:02:29,qianfan
44,试先帝创业未半而中道崩殂，今天下三分，益州疲弊，此诚危急存亡之秋也。然侍卫之臣不懈于内，忠志之士忘身于外者，盖追先帝之殊遇，欲报之于陛下也。诚宜开张圣听,2023-12-21 09:03:56,qianfan
1,试先帝创业未半而中道崩殂，今天下三分，益州疲弊，此诚危急存亡之秋也。然侍卫之臣不懈于内，忠志之士忘身于外者，盖追先帝之殊遇，欲报之于陛下也。诚宜开张圣听,2023-12-21 09:10:09,qianfan
,试先帝创业未半而中道崩殂，今天下三分，益州疲弊，此诚危急存亡之秋也。然侍卫之臣不懈于内，忠志之士忘身于外者，盖追先帝之殊遇，欲报之于陛下也。诚宜开张圣听,2023-12-21 09:10:23,qianfan
1,试先帝创业未半而中道崩殂，今天下三分，益州疲弊，此诚危急存亡之秋也。然侍卫之臣不懈于内，忠志之士忘身于外者，盖追先帝之殊遇，欲报之于陛下也。诚宜开张圣听,2023-12-21 09:14:45,qianfan
1,试先帝创业未半而中道崩殂，今天下三分，益州疲弊，此诚危急存亡之秋也。然侍卫之臣不懈于内，忠志之士忘身于外者，盖追先帝之殊遇，欲报之于陛下也。诚宜开张圣听,2023-12-21 09:17:58,qianfan
1,试先帝创业未半而中道崩殂，今天下三分，益州疲弊，此诚危急存亡之秋也。然侍卫之臣不懈于内，忠志之士忘身于外者，盖追先帝之殊遇，欲报之于陛下也。诚宜开张圣听,2023-12-21 09:24:42,qianfan
111,试先帝创业未半而中道崩殂，今天下三分，益州疲弊，此诚危急存亡之秋也。然侍卫之臣不懈于内，忠志之士忘身于外者，盖追先帝之殊遇，欲报之于陛下也。诚宜开张圣听,2023-12-21 09:24:49,qianfan
1,试先帝创业未半而中道崩殂，今天下三分，益州疲弊，此诚危急存亡之秋也。然侍卫之臣不懈于内，忠志之士忘身于外者，盖追先帝之殊遇，欲报之于陛下也。诚宜开张圣听,2023-12-21 09:32:48,qianfan
1,试先帝创业未半而中道崩殂，今天下三分，益州疲弊，此诚危急存亡之秋也。然侍卫之臣不懈于内，忠志之士忘身于外者，盖追先帝之殊遇，欲报之于陛下也。诚宜开张圣听,2023-12-21 09:32:57,qianfan
1,试先帝创业未半而中道崩殂，今天下三分，益州疲弊，此诚危急存亡之秋也。然侍卫之臣不懈于内，忠志之士忘身于外者，盖追先帝之殊遇，欲报之于陛下也。诚宜开张圣听,2023-12-21 09:33:15,qianfan
2222,试先帝创业未半而中道崩殂，今天下三分，益州疲弊，此诚危急存亡之秋也。然侍卫之臣不懈于内，忠志之士忘身于外者，盖追先帝之殊遇，欲报之于陛下也。诚宜开张圣听,2023-12-21 09:35:51,qianfan
2222,试先帝创业未半而中道崩殂，今天下三分，益州疲弊，此诚危急存亡之秋也。然侍卫之臣不懈于内，忠志之士忘身于外者，盖追先帝之殊遇，欲报之于陛下也。诚宜开张圣听,2023-12-21 09:36:18,qianfan
11,试先帝创业未半而中道崩殂，今天下三分，益州疲弊，此诚危急存亡之秋也。然侍卫之臣不懈于内，忠志之士忘身于外者，盖追先帝之殊遇，欲报之于陛下也。诚宜开张圣听,2023-12-21 09:40:10,qianfan
1,试先帝创业未半而中道崩殂，今天下三分，益州疲弊，此诚危急存亡之秋也。然侍卫之臣不懈于内，忠志之士忘身于外者，盖追先帝之殊遇，欲报之于陛下也。诚宜开张圣听,2023-12-21 09:43:21,qianfan
11,试先帝创业未半而中道崩殂，今天下三分，益州疲弊，此诚危急存亡之秋也。然侍卫之臣不懈于内，忠志之士忘身于外者，盖追先帝之殊遇，欲报之于陛下也。诚宜开张圣听,2023-12-21 09:44:43,qianfan
22,试先帝创业未半而中道崩殂，今天下三分，益州疲弊，此诚危急存亡之秋也。然侍卫之臣不懈于内，忠志之士忘身于外者，盖追先帝之殊遇，欲报之于陛下也。诚宜开张圣听,2023-12-21 09:44:50,qianfan
1,试先帝创业未半而中道崩殂，今天下三分，益州疲弊，此诚危急存亡之秋也。然侍卫之臣不懈于内，忠志之士忘身于外者，盖追先帝之殊遇，欲报之于陛下也。诚宜开张圣听,2023-12-21 09:46:10,qianfan
1,试先帝创业未半而中道崩殂，今天下三分，益州疲弊，此诚危急存亡之秋也。然侍卫之臣不懈于内，忠志之士忘身于外者，盖追先帝之殊遇，欲报之于陛下也。诚宜开张圣听,2023-12-21 09:46:17,qianfan
1,试先帝创业未半而中道崩殂，今天下三分，益州疲弊，此诚危急存亡之秋也。然侍卫之臣不懈于内，忠志之士忘身于外者，盖追先帝之殊遇，欲报之于陛下也。诚宜开张圣听,2023-12-21 09:46:24,qianfan
333,试先帝创业未半而中道崩殂，今天下三分，益州疲弊，此诚危急存亡之秋也。然侍卫之臣不懈于内，忠志之士忘身于外者，盖追先帝之殊遇，欲报之于陛下也。诚宜开张圣听,2023-12-21 09:49:37,qianfan
333,试先帝创业未半而中道崩殂，今天下三分，益州疲弊，此诚危急存亡之秋也。然侍卫之臣不懈于内，忠志之士忘身于外者，盖追先帝之殊遇，欲报之于陛下也。诚宜开张圣听,2023-12-21 09:49:45,qianfan
2,试先帝创业未半而中道崩殂，今天下三分，益州疲弊，此诚危急存亡之秋也。然侍卫之臣不懈于内，忠志之士忘身于外者，盖追先帝之殊遇，欲报之于陛下也。诚宜开张圣听,2023-12-21 09:49:52,qianfan
4,试先帝创业未半而中道崩殂，今天下三分，益州疲弊，此诚危急存亡之秋也。然侍卫之臣不懈于内，忠志之士忘身于外者，盖追先帝之殊遇，欲报之于陛下也。诚宜开张圣听,2023-12-21 09:49:59,qianfan
4,试先帝创业未半而中道崩殂，今天下三分，益州疲弊，此诚危急存亡之秋也。然侍卫之臣不懈于内，忠志之士忘身于外者，盖追先帝之殊遇，欲报之于陛下也。诚宜开张圣听,2023-12-21 09:50:06,qianfan
1,试先帝创业未半而中道崩殂，今天下三分，益州疲弊，此诚危急存亡之秋也。然侍卫之臣不懈于内，忠志之士忘身于外者，盖追先帝之殊遇，欲报之于陛下也。诚宜开张圣听,2023-12-21 09:50:45,qianfan
1,试先帝创业未半而中道崩殂，今天下三分，益州疲弊，此诚危急存亡之秋也。然侍卫之臣不懈于内，忠志之士忘身于外者，盖追先帝之殊遇，欲报之于陛下也。诚宜开张圣听,2023-12-21 09:50:53,qianfan
1,试先帝创业未半而中道崩殂，今天下三分，益州疲弊，此诚危急存亡之秋也。然侍卫之臣不懈于内，忠志之士忘身于外者，盖追先帝之殊遇，欲报之于陛下也。诚宜开张圣听,2023-12-21 09:53:12,qianfan
2,试先帝创业未半而中道崩殂，今天下三分，益州疲弊，此诚危急存亡之秋也。然侍卫之臣不懈于内，忠志之士忘身于外者，盖追先帝之殊遇，欲报之于陛下也。诚宜开张圣听,2023-12-21 09:54:32,qianfan
2,试先帝创业未半而中道崩殂，今天下三分，益州疲弊，此诚危急存亡之秋也。然侍卫之臣不懈于内，忠志之士忘身于外者，盖追先帝之殊遇，欲报之于陛下也。诚宜开张圣听,2023-12-21 09:54:39,qianfan
2,试先帝创业未半而中道崩殂，今天下三分，益州疲弊，此诚危急存亡之秋也。然侍卫之臣不懈于内，忠志之士忘身于外者，盖追先帝之殊遇，欲报之于陛下也。诚宜开张圣听,2023-12-21 09:54:46,qianfan
1,试先帝创业未半而中道崩殂，今天下三分，益州疲弊，此诚危急存亡之秋也。然侍卫之臣不懈于内，忠志之士忘身于外者，盖追先帝之殊遇，欲报之于陛下也。诚宜开张圣听,2023-12-21 09:59:35,qianfan
1,试先帝创业未半而中道崩殂，今天下三分，益州疲弊，此诚危急存亡之秋也。然侍卫之臣不懈于内，忠志之士忘身于外者，盖追先帝之殊遇，欲报之于陛下也。诚宜开张圣听,2023-12-21 10:09:37,qianfan
1,试先帝创业未半而中道崩殂，今天下三分，益州疲弊，此诚危急存亡之秋也。然侍卫之臣不懈于内，忠志之士忘身于外者，盖追先帝之殊遇，欲报之于陛下也。诚宜开张圣听,2023-12-21 10:09:44,qianfan
2啦啦啦,试先帝创业未半而中道崩殂，今天下三分，益州疲弊，此诚危急存亡之秋也。然侍卫之臣不懈于内，忠志之士忘身于外者，盖追先帝之殊遇，欲报之于陛下也。诚宜开张圣听,2023-12-22 09:18:24,qianfan
21221,试先帝创业未半而中道崩殂，今天下三分，益州疲弊，此诚危急存亡之秋也。然侍卫之臣不懈于内，忠志之士忘身于外者，盖追先帝之殊遇，欲报之于陛下也。诚宜开张圣听,2023-12-22 09:19:31,qianfan
2,试先帝创业未半而中道崩殂，今天下三分，益州疲弊，此诚危急存亡之秋也。然侍卫之臣不懈于内，忠志之士忘身于外者，盖追先帝之殊遇，欲报之于陛下也。诚宜开张圣听,2023-12-22 09:22:18,qianfan
2,试先帝创业未半而中道崩殂，今天下三分，益州疲弊，此诚危急存亡之秋也。然侍卫之臣不懈于内，忠志之士忘身于外者，盖追先帝之殊遇，欲报之于陛下也。诚宜开张圣听,2023-12-22 09:31:04,qianfan
1,试先帝创业未半而中道崩殂，今天下三分，益州疲弊，此诚危急存亡之秋也。然侍卫之臣不懈于内，忠志之士忘身于外者，盖追先帝之殊遇，欲报之于陛下也。诚宜开张圣听,2023-12-22 09:32:50,qianfan
3,试先帝创业未半而中道崩殂，今天下三分，益州疲弊，此诚危急存亡之秋也。然侍卫之臣不懈于内，忠志之士忘身于外者，盖追先帝之殊遇，欲报之于陛下也。诚宜开张圣听,2023-12-22 09:40:41,qianfan
3,试先帝创业未半而中道崩殂，今天下三分，益州疲弊，此诚危急存亡之秋也。然侍卫之臣不懈于内，忠志之士忘身于外者，盖追先帝之殊遇，欲报之于陛下也。诚宜开张圣听,2023-12-22 09:51:38,qianfan
3,试先帝创业未半而中道崩殂，今天下三分，益州疲弊，此诚危急存亡之秋也。然侍卫之臣不懈于内，忠志之士忘身于外者，盖追先帝之殊遇，欲报之于陛下也。诚宜开张圣听,2023-12-22 11:50:59,qianfan
这篇文章讲了什么,很抱歉，您没有提供任何有关“欢迎各位”的信息，这样我无法回答您的问题。如果您能提供更多信息，我将尽力帮助您回答问题。,2023-12-24 15:25:08,knowledge_base
这篇文章请帮我提前几个关键词,"1. 投资峰会
2. 华泰证券
3. 2024年度
4. 北京嘉里大酒店
5. 新思维
6. 新框架
7. 新视角
8. 全球经济
9. 中国经济
10. 结构问题
11. 地产
12. 债务风险
13. 新兴工业化
14. 2023年11月8日
15. 2024年
16. 全球经济周期
17. 美国地区进入大选年
18. 美联储转入降息周期
19. 11月9日上午
20. 2024年AH配置展望
21. 主讲人
22. 圆桌讨论
23. 新型工业化
24. 政策要义
25. 精神解",2023-12-24 15:26:33,knowledge_base
这篇文章主要讲了什么,这篇文章邀请华泰证券的客户参加2024年度投资峰会，并提供了关于全球经济、中国经济的结构问题以及新型工业化等议题的讨论和分析。文章中提到了华泰证券的研究部门以及他们的投资首席，还提供了圆桌讨论和时间安排等细节。,2023-12-24 15:27:18,knowledge_base
这篇文章请提取三个问题,"1. 请简要介绍文章的主要内容。
2. 文章提到了哪些公司和机构？
3. 文章的日期和时间是什么时候？",2023-12-24 15:28:58,knowledge_base
这篇文章请提取三个问题,"1. 飞星火等。这篇文章讲的是什么？
2. 文章提到了哪些机构和产品？
3. 文章的日期和时间是什么时候？",2023-12-24 15:34:26,knowledge_base
文章中涉及到了哪些英语单词,"1. ChatGPT
2. PlexPt
3. awesome-chatgpt-prompts
4. ChatGPT framework
5. open-interpreter
6. killianlucas
7. hello-algorithm
8. Chanzhaoyu
9. ChatGPT-web
10. xtekky
11. gpt4free
12. openai
13. code-interpreter
14. nair
15. stan
16. girard
17. quivr
18. productivity
19. assist
20. docs
21. conference
22. invite
23. framework
24. library
25. software",2023-12-24 15:41:30,knowledge_base
请帮我总结下文章,这篇文章邀请华泰证券客户参加2024年度投资峰会，并分享了一系列关于全球经济、中国经济的结构问题以及新型工业化等议题的讨论和分析。文章中提到了华泰证券的研究部门以及他们的投资首席，还提供了圆桌讨论和时间安排等细节。,2023-12-24 15:42:15,knowledge_base
请帮我总结下文章,这篇文章主要介绍了一些 ChatGPT 的优秀框架、库和软件，以及如何更好地使用 ChatGPT。这些框架包括飞星火、PlexPt、awesome-chatgpt-prompts 和 ChatGPT NextWeb 等。文章还推荐了一些 ChatGPT 的使用网站和示例，包括 ChatGPT 演示网页、openai-cookbook、xtekky、openai/openai-cookbook、Chanzhaoyu/chatgpt-web、StanGirard/quivr 和 ZH-CN。这些库和软件提供了在各种场景中使用 ChatGPT 的指南和学习资源。,2023-12-24 16:16:41,knowledge_base
请帮我提取4个关键词,"1. ChatGPT
2. 中文调教指南
3. 各种场景使用指南
4. ChatGPT 听你的话",2023-12-24 16:17:23,knowledge_base
请帮我提取三个关键词,"1. ChatGPT 
2. 中文调教指南 
3. 各种场景使用指南",2023-12-24 16:22:53,knowledge_base
请帮我提取三个关键词,"1. ChatGPT 
2. 中文调教指南 
3. 各种场景使用指南",2023-12-24 17:17:41,knowledge_base
请帮我提取三个关键词,"1. ChatGPT
2. 中文调教指南
3. 各种场景使用指南",2023-12-24 17:17:52,knowledge_base
请帮我总结三个问题,"1. 请简要介绍华泰证券2024年度投资峰会的主要内容。

根据提供的邀请函，华泰证券2024年度投资峰会将于2023年11月8日至11月9日在北京嘉里大酒店举行。会议主题为“变中求进，稳中求新”，旨在探讨当前全球经济面临的深层次结构和问题，以及寻找投资机会。预计会议将围绕多个领域进行探讨，包括化工、苯乙烯、聚酯、聚烯烃和橡胶等，并邀请专家发表演讲和进行讨论。

2. 请介绍一下华泰证券2024年度投资峰会的演讲嘉宾。

根据提供的邀请函，华泰证券2024年度投资峰会邀请了多位专家作为演讲嘉宾，包括梁宗泰、丁巍、沈烨、陈方一、倪正洋、宋亭亭、王兴和文晨昕等。这些演讲嘉宾来自不同的公司和机构，包括华泰期货研究院、浙江国恩物产有限公司、浙江惠行实业有限公司、浙江明日控股集团股份有限公司、华泰证券研究所等。

3. 请简要介绍华泰证券2024年度投资峰会的讨论嘉宾。

根据提供的邀请函，华泰证券2024年度投资峰会还邀请了多位人士作为讨论嘉宾，包括王以、吴宇航、陶冶、文晨昕、吴靖等。这些讨论嘉宾来自不同的公司和机构，包括华泰证券研究所、华泰期货研究院、中国经济研究院等。",2023-12-24 17:18:39,knowledge_base
请帮我总结三个问题,"1. 2024年度投资峰会的主要内容是什么？

根据邀请函，2024年度投资峰会主题为“变中求进，稳中求新”，旨在探讨当前全球经济面临的深层次结构和问题，以及寻找投资机会。会议将围绕多个领域进行探讨，包括化工、苯乙烯、聚酯、聚烯烃和橡胶等，并邀请专家发表演讲和进行讨论。

2. 2024年度投资峰会的演讲嘉宾有哪些？

根据邀请函，2024年度投资峰会邀请了多位专家作为演讲嘉宾，包括华泰期货研究院、浙江国恩物产有限公司、浙江惠行实业有限公司、浙江明日控股集团股份有限公司、华泰证券研究所等。这些演讲嘉宾来自不同的公司和机构，包括华泰证券研究所、华泰期货研究院、中国经济研究院等。

3. 2024年度投资峰会的讨论嘉宾有哪些？

根据邀请函，2024年度投资峰会还邀请了多位人士作为讨论嘉宾，包括王以、吴宇航、陶冶、文晨昕等。这些讨论嘉宾来自不同的公司和机构，包括华泰证券研究所、华泰期货研究院、中国经济研究院等。",2023-12-24 17:18:58,knowledge_base
请帮我提取文章摘要,"这是一个关于内容为“awesome-chatgpt\nA curated list of awesome ChatGPT frameworks, libraries and software.\n\nf/awesome-chatgpt-prompts - This repo includes ChatGPT prompt curation to use ChatGPT better.\nChatGPTNextWeb/ChatGPT-Next-Web - A well-designed cross-platform ChatGPT UI (Web / PWA / Linux / Win / MacOS). 一键拥有你自己的跨平台 ChatGPT 应用。\nopenai/openai-cookbook - Examples and guides for using the OpenAI API\nxtekky/gpt4free - The official gpt4free repository | various collection of powerful language models\nbinary-husky/gpt_academic - 为ChatGPT/GLM提供实用化交互界面, 特别优化论文阅读/润色/写作体验, 模块化设计, 支持自定义快捷按钮&函数插件, 支持Python and C++等项目剖析&自译解功能, PDF/LaTeX 论文翻译&总结功能, 支持并行问询多种LLM模型, 支持chatglm2等本地模型。兼容文心一言, moss, llama2, rwkv, claude2, 通义千问, 书生, 讯飞星火等。\nPlexPt/awesome-chatgpt-prompts-zh - ChatGPT 中文调教指南。各种场景使用指南。学习怎么让它听你的话。\nlencx/ChatGPT - 🔮 ChatGPT Desktop Application (Mac, Windows and Linux)\ndair-ai/Prompt-Engineering-Guide - 🐙 Guides, papers, lecture, notebooks and resources for prompt engineering\nLAION-AI/Open-Assistant - OpenAssistant is a chat-based assistant that understands tasks, can interact with third-party systems, and retrieve information dynamically to do so.\nKillianLucas/open-interpreter - OpenAI's Code Interpreter in your terminal, running locally\ngeekxh/hello-algorithm - 🌍 针对小白的算法训练 | 包括四部分：①.大厂面经 ②.力扣图解 ③.千本开源电子书 ④.百张技术思维导图（项目花了上百小时，希望可以点 star 支持，🌟感谢~）推荐免费ChatGPT使用网站\nChanzhaoyu/chatgpt-web - 用 Express 和 Vue3 搭建的 ChatGPT 演示网页\nacheong08/ChatGPT - Reverse engineered ChatGPT API\nStanGirard/quivr - Your GenAI Second Brain 🧠 A personal productivity assistant (RAG) ⚡️🤖 Chat with your docs (PDF, CSV, ...) & apps using Langchain, GPT 3.5 / 4 turbo, Private, Anthropic, VertexAI, Ollama, LLMs, that you can share with users ! Local & Private alternative to OpenAI GPTs & ChatGPT powered by retrieval-augmented generation\nmicrosoft/generative-ai-for-beginners - 12 Lessons, Get Started Building with Generative AI 🔗 https://microsoft.github.io/generative-ai-for-beginners/\nopenai/chatgpt-retrieval-plugin - The ChatGPT Retrieval Plugin lets you easily find personal or work documents by asking questions in natural language.'](",2023-12-24 17:20:19,knowledge_base
请帮我提取文章摘要,"以下是摘要：

这是一篇关于华泰证券2024年度投资峰会的文章，会议主题为“变中求进，稳中求新”，旨在探讨当前全球经济面临的深层次结构和问题，以及寻找投资机会。会议将围绕多个领域进行探讨，包括化工、苯乙烯、聚酯、聚烯烃和橡胶等，并邀请专家发表演讲和进行讨论。华泰证券固收组可转债组组长、研究员陶冶将担任会议主持人。",2023-12-24 17:20:32,knowledge_base
请帮我提取文章摘要,这篇文章介绍了一种名为情景分析法（Predictive Modeling Method）的预测方法。这种方法通过假设某种现象或趋势将持续到未来的前提下，对预测对象可能出现的情况或引起的后果作出预测。情景分析法被广泛应用于技术预测、经济预测、市场预测等领域。文章还提到了一些情景分析法的优点和应用案例，包括华泰证券股份有限公司研究所等公司。,2023-12-24 17:21:33,knowledge_base
请帮我提取文章摘要,这是一篇关于华泰证券2024年度投资峰会的文章，会议主题为“变中求进，稳中求新”，旨在探讨当前全球经济面临的深层次结构和问题，以及寻找投资机会。会议将围绕多个领域进行探讨，包括化工、苯乙烯、聚酯、聚烯烃和橡胶等，并邀请专家发表演讲和进行讨论。华泰证券固收组可转债组组长、研究员陶冶将担任会议主持人。,2023-12-24 17:21:46,knowledge_base
这篇文章讲了什么,这篇文章讲了一些关于 ChatGPT 的内容，包括 ChatGPT 中文调教指南，各种场景使用指南，学习怎么让它听你的话。ChatGPT 是一个基于 Transformer 的 AI 聊天机器人，可以用于各种任务，如文本分类、机器翻译、代码调试等。文章还介绍了一些 ChatGPT 的框架、库和软件，包括 PlexPt/awesome-chatgpt-prompts-zh、openai/openai-cookbook、openai/chatgpt-retrieval-plugin 等。,2023-12-24 17:28:17,knowledge_base
这篇文章讲了什么,这篇文章介绍了一些关于 ChatGPT 的优秀框架、库和软件，这些库和软件都是与 ChatGPT 相关的，包括 ChatGPT Prompt 库、ChatGPT NextWeb、openai/openai-cookbook、xtekky/gpt4free、nbinary-husky/gpt_academic、PlexPt/awesome-chatgpt-prompts-zh、Chanzhaoyu/chatgpt-web 等等。这些库和软件都提供了不同程度的 ChatGPT 功能，包括自然语言处理、对话生成、文本摘要、机器学习、深度学习等等，可以满足不同的应用场景需求。,2023-12-24 17:28:31,knowledge_base
这篇文章讲了什么,这篇文章讲了一种名为情景分析法的预测方法。这种方法是一种直观的定性预测方法，通过从现在的情况出发，把将来发展的可能性以电影脚本的形式进行综合描述。情景分析法不是只描绘一种发展途径，而是各种可能发展的途径。它不是未来某一时刻静止的图景，而是动态的发展图景。情景分析法的阶段包括明确将要做出的判定，进行详细分析，确定驱动因素，确定先决要素和必然因素，确定影响未来的关键因素。情景分析法一般预测方法整体上局部方法整体方法基本观点所有的事情都是平等的所有的事情并非平等变量定量、客观和显性关系静态、固定结构动态自改进结构解释用过去解释未来从现在的情况出发未来不是唯一确定的多维不确定方法未来态度被动或适应性积极和创造性影响未来的关键因素。情景分析法的特点主要优点不是所有的事情都是平等的，所有的事情并非平等，变量定量、客观和显性，关系静态、固定结构，动态自改进结构，解释用过去解释未来，从现在的情况出发，未来不是唯一确定的，多维不确定。,2023-12-24 17:29:26,knowledge_base
这篇文章讲了什么,这篇文章讲了一些关于人工智能的内容，其中包括了 ChatGPT 这款产品。ChatGPT 是一款基于人工智能的聊天机器人，它可以进行自然语言对话，并且可以通过大量的训练，学习到很多用户的喜好和行为，从而在一定程度上帮助用户完成一些日常任务。,2023-12-24 17:29:38,knowledge_base
这篇文章讲了什么内容,这篇文章介绍了一些关于 ChatGPT 的内容，包括 ChatGPT 的中文调教指南、各种场景使用指南、学习如何让它听你的话等。此外，还介绍了一些 ChatGPT 的框架、库和软件，以及 ChatGPT 相关的学术论文和指南。,2023-12-24 17:32:57,knowledge_base
这篇文章讲了什么内容,这篇文章介绍了一些 ChatGPT 的框架、库和软件，这些框架和库可以让用户更好地使用 ChatGPT。这些内容包括 PlexPt/awesome-chatgpt-prompts-zh，这个仓库包括了 ChatGPT 提示符的 curated 列表，可以让用户更好地使用 ChatGPT。此外，还包括 ChatGPTNextWeb/ChatGPT-Next-Web，一个易于使用且功能强大的 ChatGPT UI。此外，openai/openai-cookbook，xtekky/gpt4free，nbinary-husky/gpt_academic 等等内容。,2023-12-24 17:33:11,knowledge_base
提取这篇文章的三个关键词,"1. ChatGPT 
2. AI 助手
3. ChatGPT 中文调教指南",2023-12-24 17:33:46,knowledge_base
提取这篇文章的三个关键词,"1. ChatGPT
2. AI助手
3. ChatGPT中文调教指南",2023-12-24 17:33:56,knowledge_base
这篇文章讲了什么,这篇文章是一篇邀请函，邀请参加华泰证券2024年度投资峰会。在峰会上，华泰证券的专家们会针对钢材消费、产业结构、全球天然气市场展望、2024年液化石油气市场分析与展望、沥青市场展望以及巴以冲突等地缘政治事件如何影响油气市场等议题进行讨论。此外，华泰证券还会分享其AI量化研究技术，包括圆桌交流等环节。,2023-12-24 17:34:55,knowledge_base
这篇文章讲了什么,这篇文章是一篇邀请函，邀请参加华泰证券2024年度投资峰会。在峰会上，华泰证券的专家们会针对钢材消费、产业结构、全球天然气市场展望、2024年液化石油气市场分析与展望、沥青市场展望以及巴以冲突等地缘政治事件如何影响油气市场等议题进行讨论。此外，华泰证券还会分享其AI量化研究技术，包括圆桌交流等环节。,2023-12-24 17:35:07,knowledge_base
提取这篇文章的2个关键词,"1. ChatGPT
2. AI助手",2023-12-24 17:35:40,knowledge_base
提取这篇文章的2个关键词,"1. AI 助手
2. 股票",2023-12-24 17:35:50,knowledge_base
请提取三个关键词,"1. ChatGPT 
2. 中文调教指南 
3. 各种场景使用指南",2023-12-24 18:07:02,knowledge_base
请提取三个关键词,"三个关键词是：""飞星火""、"" ChatGPT"" 和 "" 中文调教指南""。",2023-12-24 18:07:13,knowledge_base
请提取五个关键词,"1. 投资峰会
2. 华泰证券
3. 2024年度
4. 邀请函
5. 固定收益论坛",2023-12-24 18:08:03,knowledge_base
请提取五个关键词,"1. ""华泰证券2024年度投资峰会""
2. ""投资峰会2024""
3. ""邀请函""
4. ""全球经济周期错位""
5. ""宏观论坛""",2023-12-24 18:08:14,knowledge_base
请提取三个关键词,"三个关键词是：""飞星火""、"" ChatGPT""和"" 中文调教指南""。",2023-12-24 18:12:11,knowledge_base
请提取三个关键词,"1. ChatGPT
2. 中文调教指南
3. 各种场景使用指南",2023-12-24 18:12:22,knowledge_base
请对本文提取三个关键词,"1. ""变中求进，稳中求新""
2. ""华泰证券2024年度投资峰会""
3. ""邀请函""",2023-12-24 18:44:30,knowledge_base
请对本文提取三个关键词,"1. ""变中求进，稳中求新""
2. ""华泰证券2024年度投资峰会""
3. ""邀请函""",2023-12-24 18:44:41,knowledge_base
请帮我提取文章摘要,该摘要提取自一篇名为“华泰证券2024海内外宏观展望”的会议报告。报告内容主要包括四个主题：11月8日下午的宏观论坛，2024年全球流动性与市场，2024年债市投资展望以及2024年大类资产展望。报告提到了多个主讲人，包括华泰证券研究所副所长、固收首席等，以及多个研究员。,2023-12-25 20:04:38,knowledge_base
请帮我提取文章摘要,这是一篇关于2024年宏观经济形势和债市投资展望的文章。文章中提到了多个主题论坛和讲座，包括华泰证券的研究员和固收首席在11月8日下午的宏观论坛上探讨中美周期张力、张继强在11月8日下午的固收论坛上分享2024年全球流动性及市场情况、昌明在11月8日下午的固收论坛上探讨当前与明年的市场思考、姜云飞在11月8日下午的固收论坛上分享经济与金融形势展望、陈道富在11月8日下午的固收论坛上分享2024年债市投资展望等。此外，还有华泰证券的研究员和固收首席在11月9日下午的固收论坛上分享债市信用风险控制策略。,2023-12-25 20:04:55,knowledge_base
我最近工作压力有点大，怎么办,我能理解你目前的工作压力让你感到焦虑和疲惫。首先，你可以尝试进行一些放松的活动，比如深呼吸、冥想或者瑜伽，来缓解压力。另外，与朋友或家人聊天也是一种很好的方式，他们可以给予你支持和理解。此外，你也可以尝试寻找一些减压的方法，比如运动、听音乐或看电影等。如果你感到压力持续存在，并且影响到了你的日常生活和工作，我建议你寻求专业心理咨询师的帮助，他们可以提供更具体的支持和指导。你有什么其他的问题需要我帮忙吗？,2023-12-25 20:09:50,EduChat
如何气节一元二次方程,"气节一元二次方程的方法有很多种，以下是其中一种常见的方法：

1. 首先，将一元二次方程的通用形式表示为：ax^2 + bx + c = 0，其中a、b、c是已知系数，x是未知数。

2. 然后，将方程转化为标准形式，即将二次项系数a化为正数，即将方程变形为：y = ax^2 + bx + c。

3. 接下来，根据方程的性质，可以得到方程的两个根，即方程的解。这两个根可以用以下公式计算：

   x1 = (-b + sqrt(b^2 - 4ac)) / 2a
   x2 = (-b - sqrt(b^2 - 4ac)) / 2a

   其中，sqrt表示平方根。

4. 最后，根据计算出的两个根，就可以得到方程的解。

需要注意的是，当b^2 - 4ac < 0时，方程没有实数解，此时方程的解为虚数。",2023-12-25 20:10:57,EduChat
请帮我提取文章摘要,该摘要提供了华泰证券研究所2024海内外宏观展望、固收论坛以及多个论坛的会议日程，并提到了一些主讲人。,2023-12-25 20:12:35,knowledge_base
请帮我提取文章摘要,这是一篇关于华泰证券研究所2024海内外宏观展望、固收论坛以及投资峰会的文章。文章中提到了多个主题论坛和讲座，包括华泰证券首席宏观经济学家易峘、金融问题专家昌明、锦成盛资产管理有限公司副总经理姜云飞、国务院发展研究中心金融研究所副所长陈道富等。会议旨在探讨当前宏观经济形势和发展展望、财政政策的调整与应对、中国资产负债表、地方债务、历史上和未来可能的资产重组方式等。,2023-12-25 20:12:50,knowledge_base
请帮我提取文章摘要,"该文章是关于华泰证券研究所2024海内外宏观展望、固收论坛以及投资峰会的通知。11月8日下午，华泰证券研究所将举办""变中求进，稳中求新—华泰证券2024年度投资峰会""，其中包括主论坛、各行业分论坛以及上市公司闭门交流会议。会议内容涵盖当前宏观经济形势和发展展望、财政政策的调整与应对、中国资产负债表、地方债务、历史上和未来可能的资产重组方式等。",2023-12-25 20:18:32,knowledge_base
请帮我提取文章摘要,这是一篇关于awesome-chatgpt的文章，列举了多个ChatGPT框架、库和软件。这些库包括 ChatGPTNextWeb，openai/openai-cookbook，xtekky/gpt4free，nbinary-husky/gpt_academic，PlexPt/awesome-chatgpt-prompts-zh，以及一些其他库和工具。这些库和软件都有不同的功能，例如 ChatGPT 的 prompt  curation，跨平台 ChatGPT 应用，以及为 ChatGPT 和 GLM 提供的实用化交互界面等。,2023-12-25 20:18:48,knowledge_base
请帮我提取文章摘要,这篇文章介绍了一些关于 ChatGPT 的优秀框架、库和软件。这些框架包括 ChatGPTNextWeb、openai/openai-cookbook、xtekky/gpt4free、nbinary-husky/gpt_academic、air-ai/Prompt-Engineering-Guide、LAION-AI/Open-Assistant、KillianLucas/open-interpreter、geekxh/hello-algorithm、Chanzhaoyu/chatgpt-web、acheong08/ChatGPT 和斯坦 Girard/quivr。这些库和软件提供了各种功能，如 ChatGPT 的 prompt  curated、跨平台的 ChatGPTUI、使用 OpenAI API 的 examples 和 guides、提供实用化交互界面、支持自定义快捷按钮和函数插件、支持多种语言模型、提供 PDF/LaTeX 论文翻译和总结功能、支持并行问询等多种 LLM 模型等。,2023-12-25 20:19:56,knowledge_base
请帮我提取文章摘要,这篇文章是一个 curated list，列出了 ChatGPT 框架、库和软件。这个列表包括 ChatGPT 下一代的跨平台应用程序，以及各种使用和教程指南。它还提到了一些支持 ChatGPT 的库和工具，如 PlexPt、openai/openai-cookbook、xtekky/gpt4free、nbinary-husky/gpt_academic、air-ai/Prompt-Engineering-Guide、Chanzhaoyu/chatgpt-web、StanGirard/quivr、KillianLucas/open-interpreter、geekxh/hello-algorithm 等。,2023-12-25 20:20:12,knowledge_base
今天周几,抱歉，作为一个人工智能助手，我无法实时获取当前日期。请查看您的设备上的日期功能以获取准确的信息。,2023-12-25 20:22:44,ChatGLM3
下雨天需要打伞么,<Response [200]>,2023-12-25 20:22:52,qianfan
如何引导教学一个差生,首先，请问你能告诉我这个差生的具体表现吗？例如他的学习成绩、课堂表现等。,2023-12-25 20:23:07,EduChat
我感觉这个学生偏科严重，只喜欢数学，还经常翘课,你能具体说说他数学方面表现如何吗？是因为他对数学感兴趣还是其他原因,2023-12-25 20:23:33,EduChat
数学成绩表现优异，经常满分,那么你认为他翘课的原因是什么？是因为他对数学感兴趣，还是因为他对其他科目不感兴趣,2023-12-25 20:23:55,EduChat
可能是因为对其他科目不感兴趣吧,那么你认为他为什么对数学感兴趣？是因为数学对他来说容易学，还是因为他对数学有天赋,2023-12-25 20:24:13,EduChat
我感觉是因为对数学有天赋吧,那么，如果他对数学有天赋，你认为他应该如何提高自己数学成绩？,2023-12-25 20:24:25,EduChat
他数学成绩已经很高了，其他科目的成绩不知道如何提高,那么，他可以尝试哪些方法来提高其他科目的成绩呢？,2023-12-25 20:25:22,EduChat
请提供给我一些可以提高他其他科目成绩的方案,你认为他应该如何提高其他科目的成绩？是因为他对其他科目不感兴趣，还是因为其他原因,2023-12-25 20:25:52,EduChat
对其他科目不感兴趣,那么，如果他对其他科目不感兴趣，你认为他应该如何改变这种状态？,2023-12-25 20:26:16,EduChat
你觉得应该如何改变这种状态,通过对其他科目的学习，他可能会发现其他科目也挺有趣的。那么，他应该如何开始学习其他科目呢？,2023-12-25 20:26:35,EduChat
你好,很高兴认识你，我是EduChat，有什么我可以帮助你的吗？,2023-12-25 20:26:49,EduChat
我刚刚问了什么问题,你问了关于如何提高其他科目成绩的问题。,2023-12-25 20:26:58,EduChat
我刚刚问了什么问题,你问了如何提高其他科目成绩的问题。,2023-12-25 20:27:02,EduChat
你好,你好,2023-12-25 20:55:29,EduChat
你好，1+1=,1+1=2,2023-12-25 20:55:49,EduChat
1+1,The sum of 1 and 1 is 2.,2023-12-25 23:40:44,EduChat
1+1,1+1等于2。,2023-12-25 23:41:20,EduChat
4+4,你是想知道4+4等于多少吗？,2023-12-25 23:41:36,EduChat
5+5,你是想知道5+5等于多少吗？,2023-12-25 23:41:59,EduChat
9+9,"1+1=2, 9+9=18，所以9+9等于18。


##### 参考链接：
- [9 + 9 =](https://youtube.com/watch?v=_yN5ZboIT-o)",2023-12-25 23:43:40,EduChat
学生应该如何准备托福和雅思考试？,"雅思和托福都是英语语言考试，但它们有不同的考试形式和考试内容。一般来说，考托福需要提前3个月左右进行准备，而考雅思则需要提前2-3个月进行准备。备考雅思和托福都需要制定详细的备考计划，包括每天的学习时间，同时需要进行大量的练习和模拟考试。在备考过程中，学生需要注重词汇量、语法和口语能力的提高，同时也需要了解考试的题型和答题技巧。在备考雅思和托福的过程中，学生可以选择参加一些培训班或课程，以提高自己的英语水平和考试技巧。最后，学生还需要注意保持良好的心态和健康的生活习惯，以保证考试的顺利进行。


##### 参考链接：
- [考雅思和托福有什么区别? 考托福一般要提前多长时间准备? - 托福考试](https://zhan.com/toefl/jihua87464.html)
- [大学生如何准备雅思托福考试](https://zhan.com/ielts/jihua104657.html)
- [美国申请雅思和托福该如何抉择 - 加诚国际教育](https://usa.can-achieve.com/newsinfo.php?i=4886)",2023-12-25 23:52:06,EduChat
如何引导班级差生,你知道差生是指哪些学生吗？,2023-12-25 23:54:47,EduChat
我最近很焦虑怎么办,嗨！听到你最近感到焦虑了。我可以理解这是一种非常不舒服的感受。你能告诉我更多关于你感到焦虑的情况吗？,2023-12-25 23:56:19,EduChat
如何提高学生的阅读能力？,"提高学生的阅读能力需要综合多种方法，包括以下几点：
1. 提供丰富的阅读材料：为学生提供适合他们水平的书籍、文章、新闻等各种阅读材料，让他们有足够的机会接触不同类型的阅读材料。
2. 培养阅读兴趣：通过让学生选择自己感兴趣的阅读材料，或者提供与他们生活经验相关的内容，来激发他们的阅读兴趣。
3. 提供阅读策略指导：教授学生一些有效的阅读策略，例如预测、推断、归纳等，让他们能够更有效地理解和记忆阅读材料。
4. 培养阅读技巧：通过阅读训练，帮助学生提高阅读速度、注意力和理解能力，例如阅读理解练习、快速阅读训练等。
5. 提供反馈和指导：及时给予学生阅读反馈和指导，帮助他们发现问题并改进阅读能力。
综合以上方法，可以逐步提高学生的阅读能力。",2023-12-25 23:59:11,EduChat
